A.5;Politiques de sécurité de l’information
A.6;Organisation de la sécurité de l’information
A.7;La sécurité des ressources humaines
A.8;Gestion des actifs
A.9;Contrôle d’accès
A.10;Cryptographie
A.11;Sécurité physique et environnementale
A.12;Sécurité liée à l’exploitation
A.13;Sécurité des communications
A.14;Acquisition, développement et maintenance des systèmes d’information
A.15;Relations avec les fournisseurs
A.16;Gestion des incidents liés à la sécurité de l’information
A.17;Aspects de la sécurité de l’information dans la gestion de la continuité de l’activité
A.18;Conformité
